customer_id,name,city,avg_monthly_spend
CUST_001,Jeevika Balan,Chennai,30029.69
CUST_002,Yochana Sridhar,Chennai,52128.96
CUST_003,Advay Sura,Delhi,33837.62
CUST_004,Gabriel Oak,Mumbai,106354.43
CUST_005,Pahal Chhabra,Pune,26736.74
CUST_006,Tanmayi Jain,Hyderabad,19290.66
CUST_007,Tripti Divan,Mumbai,44516.13
CUST_008,Vidhi Halder,Pune,96272.53
CUST_009,Kalpit Parikh,Pune,41843.08
CUST_010,Raagini Sarraf,Chennai,109678.87
CUST_011,Samarth Dube,Hyderabad,44759.48
CUST_012,Hema Goel,Pune,52555.75
CUST_013,Naksh Warrior,Kolkata,15877.33
CUST_014,Aradhana Shankar,Kolkata,36554.01
CUST_015,Rachit Raju,Hyderabad,60933.82
CUST_016,Gayathri Bhardwaj,Delhi,44067.36
CUST_017,Praneel Munshi,Kolkata,60440.26
CUST_018,Vyanjana Tella,Mumbai,66290.19
CUST_019,Forum Palan,Bengaluru,129411.74
CUST_020,Amrita Lal,Pune,50710.32
CUST_021,Chaitaly Chadha,Mumbai,113513.79
CUST_022,Warhi Tiwari,Pune,31851.53
CUST_023,Lakshit Bhardwaj,Hyderabad,25638.03
CUST_024,Yasti Mall,Bengaluru,126969.63
CUST_025,Faraj Trivedi,Pune,134535.99
CUST_026,Chatresh Krishna,Bengaluru,92942.54
CUST_027,Zayyan Sampath,Chennai,24389.95
CUST_028,Vasana Mohanty,Chennai,45766.27
CUST_029,Neel Chatterjee,Bengaluru,148004.91
CUST_030,Oni Kurian,Kolkata,46426.77
CUST_031,Thomas Kant,Mumbai,66317.04
CUST_032,Saumya Mahal,Hyderabad,100817.4
CUST_033,Siya Rastogi,Bengaluru,36958.3
CUST_034,Fariq Chatterjee,Bengaluru,43283.45
CUST_035,Max Deshmukh,Bengaluru,109745.74
CUST_036,Kashish Mangat,Chennai,102484.78
CUST_037,Frado Batra,Pune,100722.07
CUST_038,Ekaja Shroff,Pune,113432.12
CUST_039,Gagan Sharma,Delhi,77405.13
CUST_040,Geetika Korpal,Bengaluru,148585.65
CUST_041,Chandani Kale,Chennai,107901.86
CUST_042,Niharika Puri,Delhi,107422.92
CUST_043,Hemang Bobal,Kolkata,118722.33
CUST_044,Jackson Walla,Mumbai,45921.49
CUST_045,Owen Date,Mumbai,123681.18
CUST_046,Ikbal Randhawa,Hyderabad,51145.02
CUST_047,Kavya Dhar,Delhi,138273.38
CUST_048,Yug Mitter,Pune,133309.63
CUST_049,Bina Bassi,Bengaluru,43704.58
CUST_050,Urvi Karpe,Hyderabad,68410.31
